route_id,stop_id,stop_seq
1,1493,0
1,1349,1
1,1548,2
1,1491,3
1,1306,4
1,1592,5
1,34,6
1,35,7
1,36,8
1,37,9
1,38,10
1,39,11
1,40,12
1,1199,13
1,118,14
1,360,15
1,361,16
1,362,17
1,1159,18
1,52,19
1,53,20
1,55,21
1,56,22
1,1290,23
1,57,24
1,1216,25
1,1,26
1,1,0
1,1206,1
1,2,2
1,3,3
1,4,4
1,6,5
1,7,6
1,1323,7
1,442,8
1,443,9
1,444,10
1,446,11
1,18,12
1,20,13
1,22,14
1,23,15
1,24,16
1,25,17
1,26,18
1,27,19
1,28,20
1,1492,21
1,1547,22
1,1549,23
1,1493,24
2,1234,0
2,568,1
2,1261,2
2,1500,3
2,1440,4
2,1498,5
2,350,6
2,97,7
2,98,8
2,99,9
2,100,10
2,122,11
2,124,12
2,1364,13
2,125,14
2,127,15
2,128,16
2,129,17
2,131,18
2,132,19
2,133,20
2,357,21
2,358,22
2,359,23
2,1,24
2,1,0
2,291,1
2,292,2
2,293,3
2,64,4
2,66,5
2,67,6
2,69,7
2,72,8
2,75,9
2,76,10
2,79,11
2,82,12
2,84,13
2,85,14
2,87,15
2,89,16
2,90,17
2,92,18
2,1496,19
2,109,20
2,1497,21
2,110,22
2,300,23
2,1499,24
2,1439,25
2,1501,26
2,564,27
2,1234,28
3,1,0
3,291,1
3,292,2
3,293,3
3,64,4
3,66,5
3,67,6
3,82,7
3,84,8
3,85,9
3,87,10
3,89,11
3,90,12
3,92,13
3,101,14
3,102,15
3,103,16
3,345,17
3,346,18
3,347,19
3,1462,20
3,1464,21
3,1466,22
3,619,23
3,1235,24
3,898,25
3,899,26
3,900,27
3,902,28
3,1453,29
3,761,30
3,762,31
3,1468,32
3,1468,0
3,1543,1
3,1454,2
3,865,3
3,867,4
3,868,5
3,869,6
3,1234,7
3,568,8
3,1467,9
3,1465,10
3,1463,11
3,303,12
3,304,13
3,306,14
3,1553,15
3,108,16
3,122,17
3,124,18
3,1364,19
3,125,20
3,127,21
3,128,22
3,129,23
3,131,24
3,132,25
3,133,26
3,357,27
3,358,28
3,359,29
3,1,30
5,175,0
5,176,1
5,177,2
5,179,3
5,181,4
5,182,5
5,184,6
5,185,7
5,186,8
5,187,9
5,188,10
5,189,11
5,190,12
5,191,13
5,192,14
5,194,15
5,195,16
5,196,17
5,197,18
5,198,19
5,199,20
5,200,21
5,201,22
5,203,23
5,204,24
5,205,25
5,206,26
5,207,27
5,208,28
5,1216,29
5,1,30
5,1,0
5,1206,1
5,139,2
5,140,3
5,142,4
5,143,5
5,144,6
5,145,7
5,146,8
5,147,9
5,148,10
5,149,11
5,150,12
5,1475,13
5,932,14
5,934,15
5,935,16
5,936,17
5,1474,18
5,1473,19
5,161,20
5,162,21
5,163,22
5,164,23
5,165,24
5,166,25
5,167,26
5,168,27
5,1594,28
5,175,29
6,1,0
6,1361,1
6,209,2
6,3,3
6,4,4
6,1505,5
6,1585,6
6,270,7
6,215,8
6,216,9
6,217,10
6,218,11
6,220,12
6,221,13
6,222,14
6,223,15
6,735,16
6,736,17
6,737,18
6,254,19
6,255,20
6,256,21
6,258,22
6,259,23
6,260,24
6,261,25
6,262,26
6,1593,27
6,1478,28
6,1479,29
6,1168,30
6,1169,31
6,1170,32
6,1455,33
6,1455,0
6,402,1
6,403,2
6,412,3
6,413,4
6,397,5
6,398,6
6,399,7
6,1551,8
6,236,9
6,237,10
6,238,11
6,239,12
6,240,13
6,241,14
6,242,15
6,243,16
6,1221,17
6,1222,18
6,1223,19
6,275,20
6,276,21
6,277,22
6,278,23
6,279,24
6,280,25
6,281,26
6,282,27
6,1504,28
6,55,29
6,56,30
6,1290,31
6,288,32
6,1,33
7,1,0
7,291,1
7,292,2
7,293,3
7,294,4
7,295,5
7,297,6
7,96,7
7,300,8
7,301,9
7,303,10
7,304,11
7,306,12
7,1553,13
7,107,14
7,108,15
7,307,16
7,308,17
7,309,18
7,311,19
7,312,20
7,313,21
7,314,22
7,315,23
7,316,24
7,317,25
7,319,26
7,320,27
7,322,28
7,323,29
7,324,30
7,325,31
7,326,32
7,326,0
7,327,1
7,329,2
7,330,3
7,331,4
7,332,5
7,333,6
7,334,7
7,335,8
7,336,9
7,337,10
7,338,11
7,339,12
7,341,13
7,342,14
7,343,15
7,101,16
7,102,17
7,107,18
7,103,19
7,345,20
7,346,21
7,347,22
7,349,23
7,350,24
7,111,25
7,113,26
7,115,27
7,116,28
7,357,29
7,358,30
7,359,31
7,1,32
7,108,14
7,307,15
7,308,16
7,309,17
7,311,18
7,312,19
7,313,20
7,314,21
7,315,22
7,316,23
7,317,24
7,319,25
7,320,26
7,322,27
7,323,28
7,324,29
7,325,30
7,326,31
7,103,18
7,345,19
7,346,20
7,347,21
7,349,22
7,350,23
7,111,24
7,113,25
7,115,26
7,116,27
7,357,28
7,358,29
7,359,30
7,1,31
8,409,0
8,1343,1
8,403,2
8,412,3
8,413,4
8,414,5
8,416,6
8,417,7
8,418,8
8,419,9
8,420,10
8,421,11
8,422,12
8,423,13
8,424,14
8,425,15
8,426,16
8,427,17
8,428,18
8,429,19
8,430,20
8,432,21
8,433,22
8,252,23
8,245,24
8,247,25
8,248,26
8,434,27
8,435,28
8,436,29
8,437,30
8,438,31
8,439,32
8,440,33
8,441,34
8,442,35
8,443,36
8,444,37
8,1420,38
8,1550,39
8,1359,40
8,446,41
8,446,0
8,659,1
8,660,2
8,1199,3
8,118,4
8,360,5
8,361,6
8,362,7
8,363,8
8,364,9
8,365,10
8,366,11
8,367,12
8,368,13
8,369,14
8,370,15
8,371,16
8,372,17
8,373,18
8,374,19
8,375,20
8,376,21
8,378,22
8,379,23
8,380,24
8,381,25
8,382,26
8,1374,27
8,384,28
8,385,29
8,386,30
8,387,31
8,388,32
8,389,33
8,390,34
8,391,35
8,393,36
8,394,37
8,395,38
8,396,39
8,1168,40
8,1169,41
8,1170,42
8,404,43
8,405,44
8,406,45
8,407,46
8,408,47
8,409,48
9,447,0
9,448,1
9,449,2
9,450,3
9,451,4
9,453,5
9,454,6
9,455,7
9,456,8
9,457,9
9,459,10
9,460,11
9,461,12
9,462,13
9,463,14
9,464,15
9,465,16
9,466,17
9,1481,18
9,467,19
9,468,20
9,469,21
9,1253,22
9,1254,23
9,966,24
9,925,25
9,1192,26
9,1193,27
9,473,28
9,473,0
9,16,1
9,1135,2
9,1136,3
9,477,4
9,1482,5
9,478,6
9,479,7
9,480,8
9,481,9
9,482,10
9,483,11
9,484,12
9,485,13
9,486,14
9,488,15
9,489,16
9,490,17
9,447,18
10,1,0
10,1206,1
10,139,2
10,140,3
10,142,4
10,143,5
10,144,6
10,145,7
10,146,8
10,364,9
10,365,10
10,366,11
10,367,12
10,368,13
10,249,14
10,250,15
10,494,16
10,495,17
10,496,18
10,498,19
10,500,20
10,501,21
10,502,22
10,503,23
10,504,24
10,505,25
10,506,26
10,507,27
10,508,28
10,509,29
10,510,30
10,511,31
10,512,32
10,514,33
10,515,34
10,516,35
10,517,36
10,518,37
10,520,38
10,520,0
10,521,1
10,522,2
10,523,3
10,524,4
10,525,5
10,526,6
10,528,7
10,529,8
10,531,9
10,532,10
10,533,11
10,534,12
10,535,13
10,537,14
10,538,15
10,539,16
10,541,17
10,543,18
10,544,19
10,545,20
10,546,21
10,434,22
10,435,23
10,436,24
10,437,25
10,438,26
10,439,27
10,201,28
10,203,29
10,204,30
10,205,31
10,206,32
10,207,33
10,208,34
10,1216,35
10,1,36
11,1560,0
11,595,1
11,596,2
11,597,3
11,1259,4
11,598,5
11,599,6
11,601,7
11,602,8
11,1239,9
11,1240,10
11,608,11
11,609,12
11,611,13
11,612,14
11,614,15
11,617,16
11,618,17
11,619,18
11,1235,19
11,623,20
11,624,21
11,627,22
11,629,23
11,630,24
11,632,25
11,634,26
11,1216,27
11,1,28
11,1,0
11,1206,1
11,553,2
11,554,3
11,555,4
11,556,5
11,557,6
11,558,7
11,560,8
11,561,9
11,562,10
11,563,11
11,564,12
11,1234,13
11,568,14
11,569,15
11,570,16
11,571,17
11,573,18
11,575,19
11,576,20
11,578,21
11,579,22
11,581,23
11,585,24
11,586,25
11,587,26
11,588,27
11,589,28
11,590,29
11,591,30
11,592,31
11,1560,32
11,578,18
11,579,19
11,581,20
11,1553,21
11,107,22
11,103,23
11,1553,10
11,107,11
11,103,12
11,1240,13
11,608,14
11,609,15
12,1493,0
12,1349,1
12,1548,2
12,1027,3
12,661,4
12,635,5
12,636,6
12,637,7
12,643,8
12,644,9
12,645,10
12,34,11
12,35,12
12,36,13
12,37,14
12,38,15
12,39,16
12,652,17
12,653,18
12,654,19
12,468,20
12,469,21
12,1253,22
12,1254,23
12,966,24
12,925,25
12,1192,26
12,1193,27
12,473,28
12,473,0
12,16,1
12,1135,2
12,1136,3
12,658,4
12,20,5
12,22,6
12,23,7
12,24,8
12,1299,9
12,1300,10
12,1301,11
12,1302,12
12,1303,13
12,1304,14
12,1305,15
12,1547,16
12,1549,17
12,1493,18
13,681,0
13,682,1
13,683,2
13,684,3
13,685,4
13,686,5
13,687,6
13,688,7
13,689,8
13,690,9
13,692,10
13,693,11
13,1373,12
13,695,13
13,446,14
13,446,0
13,659,1
13,660,2
13,1358,3
13,667,4
13,668,5
13,669,6
13,670,7
13,671,8
13,672,9
13,673,10
13,676,11
13,677,12
13,678,13
13,679,14
13,680,15
13,1264,16
13,681,17
15,255,0
15,256,1
15,258,2
15,259,3
15,738,4
15,739,5
15,740,6
15,741,7
15,742,8
15,743,9
15,744,10
15,745,11
15,746,12
15,748,13
15,749,14
15,750,15
15,752,16
15,753,17
15,754,18
15,755,19
15,756,20
15,757,21
15,758,22
15,759,23
15,760,24
15,761,25
15,762,26
15,763,27
15,764,28
15,766,29
15,768,30
15,769,31
15,208,32
15,1216,33
15,1,34
15,1,0
15,1206,1
15,139,2
15,697,3
15,699,4
15,700,5
15,701,6
15,703,7
15,704,8
15,706,9
15,707,10
15,709,11
15,710,12
15,711,13
15,713,14
15,714,15
15,715,16
15,716,17
15,718,18
15,719,19
15,720,20
15,721,21
15,722,22
15,723,23
15,724,24
15,725,25
15,726,26
15,727,27
15,728,28
15,729,29
15,730,30
15,732,31
15,733,32
15,735,33
15,736,34
15,737,35
15,254,36
15,255,37
16,782,0
16,133,1
16,783,2
16,784,3
16,785,4
16,786,5
16,787,6
16,788,7
16,789,8
16,790,9
16,791,10
16,1550,11
16,1359,12
16,118,13
16,118,0
16,1420,1
16,794,2
16,795,3
16,796,4
16,773,5
16,774,6
16,775,7
16,776,8
16,64,9
16,782,10
16,1,0
16,291,1
16,292,2
16,293,3
16,783,4
16,784,5
16,785,6
16,786,7
16,787,8
16,788,9
16,789,10
16,790,11
16,791,12
16,1550,13
16,1359,14
16,118,15
16,357,9
16,358,10
16,359,11
16,1,12
17,118,0
17,1420,1
17,794,2
17,795,3
17,796,4
17,773,5
17,1487,6
17,1,7
17,1,0
17,1488,1
17,788,2
17,789,3
17,790,4
17,791,5
17,1550,6
17,1359,7
17,118,8
20,171,0
20,172,1
20,824,2
20,825,3
20,827,4
20,828,5
20,829,6
20,830,7
20,832,8
20,833,9
20,835,10
20,837,11
20,838,12
20,839,13
20,840,14
20,841,15
20,842,16
20,844,17
20,1326,18
20,845,19
20,846,20
20,847,21
20,848,22
20,849,23
20,1253,24
20,1254,25
20,966,26
20,925,27
20,1192,28
20,1193,29
20,473,30
20,473,0
20,16,1
20,1135,2
20,1136,3
20,468,4
20,469,5
20,797,6
20,798,7
20,800,8
20,801,9
20,802,10
20,803,11
20,804,12
20,806,13
20,807,14
20,808,15
20,810,16
20,811,17
20,813,18
20,814,19
20,815,20
20,816,21
20,818,22
20,819,23
20,820,24
20,822,25
20,823,26
20,174,27
20,171,28
20,859,22
20,818,23
20,819,24
20,820,25
20,822,26
20,823,27
20,174,28
20,171,29
21,1236,0
21,830,1
21,1271,2
21,1272,3
21,1557,4
21,1273,5
21,837,6
21,838,7
21,839,8
21,840,9
21,841,10
21,842,11
21,844,12
21,1326,13
21,845,14
21,846,15
21,847,16
21,848,17
21,849,18
21,1253,19
21,1254,20
21,966,21
21,925,22
21,1192,23
21,1193,24
21,473,25
21,473,0
21,16,1
21,1135,2
21,1136,3
21,468,4
21,469,5
21,797,6
21,798,7
21,800,8
21,801,9
21,802,10
21,803,11
21,804,12
21,806,13
21,807,14
21,808,15
21,810,16
21,811,17
21,1459,18
21,1556,19
21,1351,20
21,1352,21
21,816,22
21,817,23
21,1236,24
23,175,0
23,1098,1
23,1099,2
23,1100,3
23,1372,4
23,1274,5
23,1275,6
23,1276,7
23,1277,8
23,1278,9
23,1279,10
23,1283,11
23,518,12
23,520,13
23,520,0
23,521,1
23,1284,2
23,1280,3
23,1285,4
23,1286,5
23,1287,6
23,1288,7
23,1289,8
23,1552,9
23,1096,10
23,1097,11
23,176,12
23,1594,13
23,175,14
24,1,0
24,850,1
24,851,2
24,852,3
24,853,4
24,855,5
24,856,6
24,857,7
24,623,8
24,624,9
24,863,10
24,864,11
24,865,12
24,867,13
24,868,14
24,869,15
24,870,16
24,871,17
24,872,18
24,873,19
24,875,20
24,715,21
24,716,22
24,718,23
24,719,24
24,720,25
24,877,26
24,1441,27
24,1442,28
24,887,29
24,881,30
24,882,31
24,885,32
24,886,33
24,886,0
24,1456,1
24,888,2
24,1443,3
24,891,4
24,892,5
24,748,6
24,749,7
24,750,8
24,752,9
24,753,10
24,893,11
24,895,12
24,896,13
24,897,14
24,898,15
24,899,16
24,900,17
24,902,18
24,903,19
24,904,20
24,561,21
24,562,22
24,563,23
24,909,24
24,910,25
24,912,26
24,913,27
24,915,28
24,917,29
24,920,30
24,1,31
25,473,0
25,16,1
25,1135,2
25,1136,3
25,468,4
25,469,5
25,1253,6
25,1254,7
25,197,8
25,198,9
25,199,10
25,200,11
25,1159,12
25,52,13
25,53,14
25,55,15
25,56,16
25,1290,17
25,57,18
25,1313,19
25,1367,20
25,855,21
25,856,22
25,857,23
25,564,24
25,1315,25
25,870,26
25,871,27
25,872,28
25,1163,29
25,1164,30
25,1317,31
25,1329,32
25,1320,33
25,1320,0
25,1319,1
25,1330,2
25,1318,3
25,1339,4
25,1338,5
25,896,6
25,897,7
25,1316,8
25,909,9
25,910,10
25,912,11
25,913,12
25,1368,13
25,1314,14
25,2,15
25,3,16
25,4,17
25,6,18
25,7,19
25,1323,20
25,147,21
25,148,22
25,927,23
25,966,24
25,925,25
25,1192,26
25,1193,27
25,473,28
25,1216,19
25,1,20
25,1206,21
25,1313,22
25,1367,23
25,855,24
25,856,25
25,857,26
25,564,27
25,1315,28
25,870,29
25,871,30
25,872,31
25,1163,32
25,1164,33
25,1317,34
25,1329,35
25,1320,36
25,1216,15
25,1,16
25,1206,17
25,2,18
25,3,19
25,4,20
25,6,21
25,7,22
25,1323,23
25,147,24
25,148,25
25,927,26
25,966,27
25,925,28
25,1192,29
25,1193,30
25,473,31
26,1320,0
26,1319,1
26,1330,2
26,1318,3
26,1165,4
26,1166,5
26,748,6
26,749,7
26,750,8
26,752,9
26,753,10
26,1495,11
26,1503,12
26,869,13
26,1234,14
26,568,15
26,1261,16
26,909,17
26,910,18
26,912,19
26,913,20
26,915,21
26,917,22
26,920,23
26,1,24
26,1,0
26,850,1
26,851,2
26,852,3
26,853,4
26,855,5
26,856,6
26,857,7
26,1447,8
26,619,9
26,1235,10
26,1315,11
26,898,12
26,899,13
26,1502,14
26,1494,15
26,715,16
26,716,17
26,718,18
26,719,19
26,720,20
26,877,21
26,878,22
26,1430,23
26,1317,24
26,1329,25
26,1320,26
26,1428,26
26,1320,27
27,1,0
27,1361,1
27,209,2
27,3,3
27,4,4
27,1505,5
27,1585,6
27,214,7
27,215,8
27,216,9
27,1448,10
27,701,11
27,703,12
27,704,13
27,1362,14
27,1545,15
27,1201,16
27,1450,17
27,1451,18
27,758,19
27,759,20
27,760,21
27,1454,22
27,865,23
27,867,24
27,868,25
27,869,26
27,1234,27
27,1235,28
27,1235,0
27,898,1
27,899,2
27,900,3
27,902,4
27,1453,5
27,706,6
27,707,7
27,709,8
27,1415,9
27,1201,10
27,1450,11
27,1451,12
27,1546,13
27,1449,14
27,762,15
27,763,16
27,764,17
27,1366,18
27,282,19
27,284,20
27,1504,21
27,55,22
27,56,23
27,288,24
27,1,25
28,1493,0
28,1351,1
28,1352,2
28,832,3
28,833,4
28,835,5
28,837,6
28,838,7
28,839,8
28,840,9
28,959,10
28,1458,11
28,1326,12
28,845,13
28,846,14
28,847,15
28,1214,16
28,1145,17
28,1146,18
28,196,19
28,927,20
28,966,21
28,925,22
28,925,0
28,926,1
28,150,2
28,1475,3
28,1161,4
28,1133,5
28,1189,6
28,800,7
28,801,8
28,802,9
28,803,10
28,1457,11
28,939,12
28,808,13
28,810,14
28,811,15
28,813,16
28,814,17
28,1271,18
28,1272,19
28,1559,20
28,1493,21
33,1493,0
33,1580,1
33,1578,2
33,1579,3
33,1555,4
33,1557,5
33,1273,6
33,1484,7
33,1483,8
33,1237,9
33,841,10
33,1173,11
33,1174,12
33,1176,13
33,466,14
33,1481,15
33,467,16
33,468,17
33,469,18
33,1253,19
33,1254,20
33,966,21
33,925,22
34,951,0
34,449,1
34,450,2
34,451,3
34,453,4
34,454,5
34,452,6
34,952,7
34,953,8
34,954,9
34,955,10
34,956,11
34,957,12
34,958,13
34,839,14
34,840,15
34,959,16
34,960,17
34,191,18
34,192,19
34,194,20
34,195,21
34,196,22
34,927,23
34,966,24
34,925,25
34,925,0
34,926,1
34,150,2
34,1475,3
34,932,4
34,934,5
34,935,6
34,936,7
34,937,8
34,938,9
34,939,10
34,808,11
34,942,12
34,943,13
34,945,14
34,946,15
34,947,16
34,1140,17
34,949,18
34,950,19
34,951,20
35,945,0
35,946,1
35,947,2
35,455,3
35,456,4
35,457,5
35,459,6
35,460,7
35,461,8
35,462,9
35,463,10
35,39,11
35,652,12
35,653,13
35,654,14
35,468,15
35,469,16
35,1253,17
35,1254,18
35,966,19
35,925,20
35,1192,21
35,1193,22
35,473,23
35,473,0
35,16,1
35,659,2
35,660,3
35,481,4
35,482,5
35,483,6
35,484,7
35,485,8
35,1137,9
35,1138,10
35,1139,11
35,1140,12
35,949,13
35,950,14
35,1213,15
35,1542,16
35,967,17
35,968,18
35,969,19
35,970,20
35,971,21
35,972,22
35,974,23
35,642,24
35,637,25
35,643,26
35,945,27
36,1310,0
36,972,1
36,974,2
36,1302,3
36,1303,4
36,1304,5
36,1305,6
36,1491,7
36,31,8
36,33,9
36,957,10
36,958,11
36,839,12
36,840,13
36,841,14
36,1173,15
36,1174,16
36,1176,17
36,466,18
36,1481,19
36,467,20
36,468,21
36,469,22
36,1253,23
36,1254,24
36,966,25
36,925,26
36,925,0
36,1192,1
36,1193,2
36,473,3
36,16,4
36,1135,5
36,1136,6
36,477,7
36,1482,8
36,478,9
36,1177,10
36,1179,11
36,1180,12
36,807,13
36,808,14
36,942,15
36,943,16
36,1155,17
36,1156,18
36,1492,19
36,1027,20
36,661,21
36,635,22
36,636,23
36,1307,24
36,1308,25
36,1309,26
36,1310,27
37,1493,0
37,1349,1
37,1548,2
37,1027,3
37,661,4
37,635,5
37,636,6
37,637,7
37,643,8
37,945,9
37,946,10
37,947,11
37,454,12
37,455,13
37,456,14
37,457,15
37,459,16
37,460,17
37,461,18
37,462,19
37,463,20
37,39,21
37,654,22
37,468,23
37,469,24
37,1253,25
37,1254,26
37,966,27
37,925,28
37,1192,29
37,1193,30
37,473,31
37,473,0
37,16,1
37,18,2
37,481,3
37,482,4
37,483,5
37,484,6
37,485,7
37,1137,8
37,1138,9
37,1139,10
37,452,11
37,1321,12
37,1322,13
37,1300,14
37,1301,15
37,1302,16
37,1303,17
37,1304,18
37,1305,19
37,1547,20
37,1549,21
37,1493,22
38,1337,0
38,953,1
38,954,2
38,955,3
38,956,4
38,34,5
38,35,6
38,36,7
38,37,8
38,38,9
38,39,10
38,654,11
38,468,12
38,469,13
38,1253,14
38,1254,15
38,966,16
38,925,17
38,925,0
38,1192,1
38,1193,2
38,473,3
38,16,4
38,18,5
38,1267,6
38,1268,7
38,1269,8
38,1270,9
38,1333,10
38,1460,11
38,1341,12
38,1337,13
40,1539,0
40,1538,1
40,1534,2
40,1532,3
40,1530,4
40,1528,5
40,1391,6
40,1389,7
40,1388,8
40,1526,9
40,1524,10
40,1536,11
40,1522,12
40,1520,13
40,1518,14
40,1516,15
40,1514,16
40,1512,17
40,1510,18
40,191,19
40,192,20
40,194,21
40,195,22
40,196,23
40,927,24
40,966,25
40,925,26
40,925,0
40,926,1
40,150,2
40,1475,3
40,932,4
40,934,5
40,935,6
40,936,7
40,1509,8
40,1511,9
40,1513,10
40,1515,11
40,1517,12
40,1519,13
40,1521,14
40,1535,15
40,1523,16
40,1525,17
40,1387,18
40,1386,19
40,1384,20
40,1527,21
40,1529,22
40,1531,23
40,1533,24
40,1537,25
40,1539,26
43,520,0
43,1002,1
43,1003,2
43,1004,3
43,1005,4
43,1006,5
43,1007,6
43,1008,7
43,1009,8
43,1010,9
43,1011,10
43,1012,11
43,1013,12
43,1014,13
43,1325,14
43,1015,15
43,1016,16
43,1017,17
43,1018,18
43,1019,19
43,1020,20
43,1022,21
43,1023,22
43,1024,23
43,1025,24
43,1026,25
43,185,26
43,186,27
43,187,28
43,188,29
43,1472,30
43,1471,31
43,1470,32
43,1469,33
43,197,34
43,198,35
43,199,36
43,200,37
43,441,38
43,442,39
43,443,40
43,444,41
43,446,42
43,446,0
43,659,1
43,660,2
43,1199,3
43,118,4
43,360,5
43,361,6
43,147,7
43,148,8
43,149,9
43,150,10
43,152,11
43,153,12
43,154,13
43,156,14
43,157,15
43,158,16
43,159,17
43,161,18
43,162,19
43,163,20
43,164,21
43,977,22
43,1427,23
43,978,24
43,979,25
43,980,26
43,981,27
43,983,28
43,984,29
43,985,30
43,986,31
43,987,32
43,988,33
43,989,34
43,990,35
43,992,36
43,993,37
43,994,38
43,995,39
43,996,40
43,997,41
43,998,42
43,999,43
43,1000,44
43,1001,45
43,520,46
46,1,0
46,1206,1
46,2,2
46,3,3
46,4,4
46,6,5
46,7,6
46,1323,7
46,147,8
46,148,9
46,927,10
46,966,11
46,925,12
46,1192,13
46,1193,14
46,473,15
46,473,0
46,16,1
46,360,2
46,361,3
46,1159,4
46,52,5
46,53,6
46,55,7
46,56,8
46,1290,9
46,57,10
46,1216,11
46,1,12
75,1493,0
75,1349,1
75,1548,2
75,1027,3
75,1028,4
75,1249,5
75,1250,6
75,1252,7
75,1033,8
75,1034,9
75,1035,10
75,1036,11
75,1038,12
75,1039,13
75,1040,14
75,1041,15
75,1042,16
75,1043,17
75,1044,18
75,1046,19
75,1047,20
75,1048,21
75,1049,22
75,1050,23
75,1051,24
75,1053,25
75,1054,26
75,1055,27
75,1056,28
75,1057,29
75,1058,30
75,1059,31
75,1061,32
75,1062,33
75,1063,34
75,1064,35
75,1065,36
75,1066,37
75,1067,38
75,1068,39
75,1069,40
75,1071,41
75,1072,42
75,1074,43
75,1077,44
75,1078,45
75,1079,46
75,1081,47
75,1082,48
75,1083,49
75,1084,50
75,1085,51
75,1087,52
75,1089,53
75,1091,54
75,1093,55
75,1094,56
75,1096,57
75,1097,58
75,176,59
75,1594,60
75,175,61
75,175,0
75,1098,1
75,1099,2
75,1100,3
75,1101,4
75,1102,5
75,1103,6
75,1104,7
75,1105,8
75,1072,9
75,1074,10
75,1077,11
75,1078,12
75,1079,13
75,1081,14
75,1106,15
75,1108,16
75,1051,17
75,1053,18
75,1054,19
75,1055,20
75,1056,21
75,1057,22
75,1058,23
75,1059,24
75,1061,25
75,1062,26
75,1063,27
75,1064,28
75,1065,29
75,1066,30
75,1067,31
75,1109,32
75,1110,33
75,1111,34
75,1112,35
75,1113,36
75,1114,37
75,1115,38
75,1116,39
75,1117,40
75,1118,41
75,1119,42
75,1120,43
75,1121,44
75,1122,45
75,1123,46
75,1124,47
75,1125,48
75,1126,49
75,1127,50
75,1305,51
75,1547,52
75,1549,53
75,1493,54
118,1183,0
118,1174,1
118,1184,2
118,1185,3
118,858,4
118,847,5
118,848,6
118,849,7
118,1253,8
118,1254,9
118,966,10
118,925,11
118,925,0
118,926,1
118,927,2
118,1153,3
118,1154,4
118,797,5
118,798,6
118,800,7
118,801,8
118,1186,9
118,1187,10
118,1179,11
118,1183,12
119,1191,0
119,842,1
119,844,2
119,1326,3
119,845,4
119,846,5
119,847,6
119,1214,7
119,1145,8
119,1146,9
119,196,10
119,927,11
119,966,12
119,925,13
119,925,0
119,926,1
119,150,2
119,1475,3
119,1161,4
119,1133,5
119,1189,6
119,800,7
119,801,8
119,802,9
119,803,10
119,1190,11
119,1191,12
122,1183,0
122,1174,1
122,1176,2
122,479,3
122,480,4
122,39,5
122,1197,6
122,1196,7
122,1219,8
122,1358,9
122,1359,10
122,446,11
122,1135,12
122,1136,13
122,468,14
122,469,15
122,1253,16
122,1254,17
122,966,18
122,925,19
122,926,20
122,1353,21
122,1414,22
122,1409,23
122,1444,24
122,1444,0
122,1506,1
122,438,2
122,1412,3
122,1408,4
122,1413,5
122,1356,6
122,1241,7
122,1152,8
122,1153,9
122,1154,10
122,474,11
122,1141,12
122,1199,13
122,666,14
122,1217,15
122,1197,16
122,1196,17
122,1219,18
122,20,19
122,464,20
122,465,21
122,1177,22
122,1179,23
122,1183,24
125,845,0
125,846,1
125,847,2
125,1144,3
125,1145,4
125,1146,5
125,196,6
125,927,7
125,966,8
125,925,9
125,925,0
125,1192,1
125,1193,2
125,473,3
125,16,4
125,1135,5
125,1136,6
125,468,7
125,469,8
125,797,9
125,798,10
125,800,11
125,801,12
125,1186,13
125,1187,14
125,1179,15
125,1180,16
125,842,17
125,844,18
125,1326,19
125,845,20
126,1238,0
126,1324,1
126,12,2
126,361,3
126,147,4
126,148,5
126,1356,6
126,1192,7
126,1193,8
126,473,9
126,16,10
126,1135,11
126,1136,12
126,468,13
126,469,14
126,797,15
126,798,16
126,800,17
126,801,18
126,1186,19
126,1187,20
126,1179,21
126,1180,22
126,842,23
126,844,24
126,1326,25
126,845,26
126,845,0
126,846,1
126,847,2
126,1144,3
126,1145,4
126,1146,5
126,196,6
126,927,7
126,966,8
126,925,9
126,926,10
126,199,11
126,200,12
126,1159,13
126,52,14
126,1294,15
126,1295,16
126,1296,17
126,1209,18
126,1248,19
126,1238,20
127,1238,0
127,1324,1
127,12,2
127,361,3
127,147,4
127,148,5
127,927,6
127,966,7
127,925,8
127,925,0
127,926,1
127,199,2
127,200,3
127,1159,4
127,8,5
127,9,6
127,10,7
127,1327,8
127,1328,9
127,1452,10
127,1209,11
127,1248,12
127,1238,13
711,1,0
711,1206,1
711,553,2
711,554,3
711,555,4
711,556,5
711,557,6
711,558,7
711,560,8
711,561,9
711,562,10
711,563,11
711,564,12
711,1234,13
711,568,14
711,569,15
711,570,16
711,571,17
711,573,18
711,575,19
711,576,20
711,578,21
711,579,22
711,581,23
711,1553,24
711,108,25
711,307,26
711,308,27
711,309,28
711,311,29
711,312,30
711,313,31
711,314,32
711,315,33
711,316,34
711,317,35
711,319,36
711,320,37
711,322,38
711,323,39
711,324,40
711,325,41
711,326,42
711,326,0
711,595,1
711,596,2
711,597,3
711,1259,4
711,598,5
711,599,6
711,601,7
711,602,8
711,1239,9
711,1240,10
711,608,11
711,609,12
711,611,13
711,612,14
711,614,15
711,617,16
711,618,17
711,619,18
711,1235,19
711,623,20
711,624,21
711,627,22
711,629,23
711,630,24
711,632,25
711,634,26
711,1216,27
711,1,28
800,1493,0
800,1477,1
800,1432,2
800,998,3
800,999,4
800,1000,5
800,1001,6
800,520,7
800,520,0
800,1002,1
800,1003,2
800,1004,3
800,1507,4
800,1476,5
800,1493,6
121,925,0
121,1192,1
121,1193,2
121,473,3
121,16,4
121,1135,5
121,1136,6
121,477,7
121,1482,8
121,478,9
121,1177,10
121,1184,11
121,1185,12
121,1582,13
121,1582,0
121,1187,1
121,1176,2
121,466,3
121,1481,4
121,467,5
121,468,6
121,469,7
121,1253,8
121,1254,9
121,966,10
121,925,11
25,1,0
25,1313,1
25,1367,2
25,855,3
25,856,4
25,857,5
25,564,6
25,1315,7
25,870,8
25,871,9
25,872,10
25,1163,11
25,1164,12
25,1317,13
25,1329,14
25,1320,15
20,859,7
20,830,8
20,832,9
20,833,10
20,835,11
20,837,12
20,838,13
20,839,14
20,840,15
20,841,16
20,842,17
20,844,18
20,1326,19
20,845,20
20,846,21
20,847,22
20,848,23
20,849,24
20,472,25
20,473,26
25,1,15
33,925,0
33,1192,1
33,1193,2
33,473,3
33,16,4
33,1135,5
33,1136,6
33,477,7
33,1482,8
33,478,9
33,1177,10
33,1179,11
33,1180,12
33,807,13
33,1181,14
33,1489,15
33,1486,16
33,1459,17
33,1556,18
33,1554,19
33,1493,20
150,1563,0
150,1135,1
150,925,2
150,473,3
150,473,0
150,16,1
150,1042,2
150,1563,3
25,2,0
25,3,1
25,4,2
25,6,3
25,7,4
25,1323,5
25,147,6
25,148,7
25,927,8
25,966,9
25,925,10
25,1192,11
25,1193,12
25,473,13
76,520,0
76,521,1
76,522,2
76,523,3
76,524,4
76,525,5
76,526,6
76,528,7
76,1394,8
76,1395,9
76,171,10
76,172,11
76,824,12
76,825,13
76,827,14
76,828,15
76,829,16
76,1064,17
76,1065,18
76,1066,19
76,1067,20
76,1398,21
76,1402,22
76,1402,0
76,1407,1
76,1051,2
76,1053,3
76,1054,4
76,1055,5
76,818,6
76,819,7
76,820,8
76,822,9
76,823,10
76,174,11
76,175,12
76,176,13
76,1392,14
76,1393,15
76,512,16
76,514,17
76,515,18
76,516,19
76,517,20
76,518,21
76,520,22
